query_name,chain_id,msa_dir_name,msa_exists,msa_dir,cif_exists,cif_file,seq_len,sequence
7QRJ,A,7qrj_A,True,/content/af_subset/foldbench_msas/7qrj_A,True,/content/af_subset/reference_structures/7qrj-assembly1_68.cif,184,MSISSLLEKNIYNVHNKSNTLTNVPANPTGNTNTVWSNSNFTPPHLMYGASDITQAIGNISLTTGSFSLSLSGPWASPLVQNVAYTKINNLVNLTFPPFQANATSSAVINSAIGALPADLRPTTNIQVDFEIFVIDDGNRPVNPGLITLLSNGQIVVYKDNNLGQFTTGIGGSGFNPFSITYMV
7QRR,A,7qrr_A,True,/content/af_subset/foldbench_msas/7qrr_A,True,/content/af_subset/reference_structures/7qrr-assembly1_67.cif,153,MSVYGPVPTVTTRAFLPRLATAADSITSTTTTIALDPQTEQSYWTRVGDTATIHIHLVGAALPAAAPSTRIYGNFPPLRITPSSALAAQHGVIVPMQYYVAPTLPVGSSAAARIETGFIELGSLLNGAFTPLAANLIGTVGYEFAIDATYAAQ
7QUV,A,7quv_A,True,/content/af_subset/foldbench_msas/7quv_A,True,/content/af_subset/reference_structures/7quv-assembly1_70.cif,122,GPMTSKMSQLERNIETIINTFHQYSVKLGHPDTLNQGEFKELVRKDLQNFLKKENKNEKVIEHIMEDLDTNADKQLSFEEFIMLMARLTWASHEKMHEGDEGPGHHHKPGLGEGTPLEVLFQ
7QWE,A,7qwe_A,True,/content/af_subset/foldbench_msas/7qwe_A,True,/content/af_subset/reference_structures/7qwe-assembly1_206.cif,32,XGEIAQALKEIAKALKEIAYALKEIAQALKGX
7SPQ,A,7spq_A,True,/content/af_subset/foldbench_msas/7spq_A,True,/content/af_subset/reference_structures/7spq-assembly1_142.cif,328,GHMTIKLADNPNRLTDREAMGLPETFVARTPVALLAGHEDLLGAGAPCLVEIAEDPAQPFARRHAAGALLGLLGDPRIRPFEPAMRRIEAARARIGLDPAALGRVLAEWERVGVIEPWIAKECPAHTVELAAYALMRYPVSNLEYRLFLEDTGSTELPSSWAFGVYPAERSNHPVWSVSAEAADHYARWLAQKTGRAFRLPSEAEWEYAAAGGAAREYPWGDAFDPAAANTVEAGPLSTTPVGIFPAGRSVFGIDDMGGNVEEYVADDYRAYPGGNAIDDDLAVTQGAYRVARGGSFTRFGDLARCARRHGRYQRDIYAMGFRLAETL
7TH0,A,7th0_A,True,/content/af_subset/foldbench_msas/7th0_A,True,/content/af_subset/reference_structures/7th0-assembly1_130.cif,49,MTIAERLRQEGEQSKALHIAKIMLESGVPLADIMRFTGLSEEELAAASQ
7TXY,A,7txy_A,True,/content/af_subset/foldbench_msas/7txy_A,True,/content/af_subset/reference_structures/7txy-assembly1_58.cif,279,MADRTGIVAGALLPGMPHLLAEHPAPSWSALAGAARDVGARLRRLEPDVVLLLSTQWFTVLGHQFQCDPNPRGEHVDENWYAYDYGLLDYDLRFDVDFTERWADRVQAGGMQARRTRYDGFPIDTGTIVTSALLDPDRRLRWAQVSCNLYADADTLADVGRAGAAAARDAGLRAAVVVVTGMSSGLIQQWIEPGQDRIGEPGHDQWNTRVLDLLTAGKVDEVLAVREDFARQAQADSQFRALAFAAGAEATTGPAHLHAYGPIWGTGAAVLSWNLPDHP
7UQ2,A,7uq2_A,True,/content/af_subset/foldbench_msas/7uq2_A,True,/content/af_subset/reference_structures/7uq2-assembly1_113.cif,89,SMIEDIKGYKPHTEEKIGKVNAIKDAEVRLGLIFDALYDEFWEALDNCEDCEFAKNYAESLDQLTIAKTKLKEASMWACRAVFQPEEKY
7VUB,A,7vub_A,True,/content/af_subset/foldbench_msas/7vub_A,True,/content/af_subset/reference_structures/7vub-assembly1_178.cif,154,MAGQSTHYLAFPRASTITWGDDTRYWSWATVDFCSYAIEEARLLQVSWLDCRWSMDASDFKQDIWYNASVEVMLTSNASGWNVPLHLEIELPDGSKQESQIVLAGRQPNVWFKIPIGKFILRGSLTSGTIRFGFYNHEGNWKRGLNIRTLAIQA
7WR3,A,7wr3_A,True,/content/af_subset/foldbench_msas/7wr3_A,True,/content/af_subset/reference_structures/7wr3-assembly1_167.cif,806,GPMKIEEGKLVIWINGDKGYNGLAEVGKKFEKDTGIKVTVEHPDKLEEKFPQVAATGDGPDIIFWAHDRFGGYAQSGLLAEITPAAAFQDKLYPFTWDAVRYNGKLIAYPIAVEALSLIYNKDLLPNPPKTWEEIPALDKELKAKGKSALMFNLQEPYFTWPLIAADGGYAFKYAAGKYDIKDVGVDNAGAKAGLTFLVDLIKNKHMNADTDYSIAEAAFNKGETAMTINGPWAWSNIDTSAVNYGVTVLPTFKGQPSKPFVGVLSAGINAASPNKELAKEFLENYLLTDEGLEAVNKDKPLGAVALKSYEEELAKDPRIAATMENAQKGEIMPNIPQMSAFWYAVRTAVINAASGRQTVDAALAAAQTNAAALDHCANTVKNFLRKSIAAQSYSKMFSQGTSFKSLNLSLEAPSGARSSFRSLEHLDKVSRHYISEIIQKVHPLSSDERHLLSIIINSNFNFRHQSNSNLSNNILNIKSFDKIQSENIQTHKNTYSEDIKEISNHDFVFFGVEISNHQEKLPLNKTHHTVDFGANAYIIDHDSPYGYMTLTDHFDNAIPPVFYHEHQSFFLDNFKEVVDEVSRYVHGNQGKTDVPIFNTKDMRLGIGLHLIDFIRKSKDQGFREFCYNKNIDPVSLDRIINFVFQLEYHIPRMLSTDNFKKIKLRDISLEDAIKASNYEEINNKVTDKKMAHQALAYSLGNKKADIALYLLSKFNFTKQDVAEMEKMKNNRYCNLYDVEYLLSKDGANYKVLEYFINNGLVDVNKKFQKVNSGDTMLDNAMKSKDSKMIDFLLKNGAILGKRFEI
7X36,A,7x36_A,True,/content/af_subset/foldbench_msas/7x36_A,True,/content/af_subset/reference_structures/7x36-assembly1_63.cif,373,MLFTVSLLLSGLLAVSPSLSAVLPRASSATGSVPLPERLLHHWPNGTWVENIAVRPNGNLLLTTSTPNGTVWHVKKPWTDTPEVELAYNFDEWVDRLIGIGETTPDKYIVVGSRFYSPDAYSSHVDRTFAAMELDFTKEPPSTRMVAWMPEAELLQGVAALPWDRSIVLISDQYVLRPRYKQVDWTPSPGQIWRLDTKTGDYELVMTDYAEMNTTYAHGPDVGINGIRILGNELYWVNQDNGGVYRVEIQKNGHPVPPAVPEVVSVVESQLWDDFAFGPGDEDLLWVTGLNAVYAVSKKNGTAVVVDGVGTSNNMSFPGPTSCQFGRTKHDSNVLYVTGNLYSVPDSLLDVKIGGWVRAIDTTGFHLHHHHHH
7X80,A,7x80_A,True,/content/af_subset/foldbench_msas/7x80_A,True,/content/af_subset/reference_structures/7x80-assembly1_38.cif,148,GSHMSTVTTINLEDIKEIMHTTIRLGGKPESGEAAELPIFLGSSVEFEAELYDADGTQIGTAKGTSVIFAEADGTVMQIVSAFDDYTDGGRVTWSGAYTMFPTDEPKSVPAQGVSGRYRGLSGTRTFQLLERPDPGTSLVRSSLVLNG
7XFR,A,7xfr_A,True,/content/af_subset/foldbench_msas/7xfr_A,True,/content/af_subset/reference_structures/7xfr-assembly1_277.cif,321,GPGSGQLLFANFNQDNTSLAVGSKSGYKFFSLSSVDKLEQIYECTDTEDVCIVERLFSSSLVAIVSLKAPRKLKVCHFKKGTEICNYSYSNTILAVKLNRQRLIVCLEESLYIHNIRDMKVLHTIRETPPNPAGLCALSINNDNCYLAYPGSATIGEVQVFDTINLRAANMIPAHDSPLAALAFDASGTKLATASEKGTVIRVFSIPEGQKLFEFRRGVKRCVSICSLAFSMDGMFLSASSNTETVHIFKLETVKEQGRAFATVRLPFCGHKNICSLATIQKIPRLLVGAADGYLYMYNLDPQEGGECALMKQHRLDGSLE
7XFT,A,7xft_A,True,/content/af_subset/foldbench_msas/7xft_A,True,/content/af_subset/reference_structures/7xft-assembly1_278.cif,90,GSLPPVLAELDPKGPAQAAGLKLGDRLQSIDGIAVDDWQQVVDSVRARPGQRVQLKVLRDGEVLDVALELAVRGEGKARSGYMGAGVAGT
7XL7,A,7xl7_A,True,/content/af_subset/foldbench_msas/7xl7_A,True,/content/af_subset/reference_structures/7xl7-assembly1_15.cif,62,MKEGFYWIQHNGRVQVAYYTHGVTEDLETGQTIIGVWHLTQGDDICHNGEAEILAGPLEPPI
7XN2,A,7xn2_A,True,/content/af_subset/foldbench_msas/7xn2_A,True,/content/af_subset/reference_structures/7xn2-assembly1_16.cif,154,HMGSMEGKFYTSTEASEITHCSRRQLQYWREKGVIVPTVNSSGKGRNVYYSKADLLALTVMEQLLSTGLNFDLCYAALQTLRKQEPWLFDESVPEEKMKRLMLLPTRSPEQPLQLAEFDKQAALEALCHGQTVIPFWSDRIHQQLRENLKSFSS
7XPI,A,7xpi_A,True,/content/af_subset/foldbench_msas/7xpi_A,True,/content/af_subset/reference_structures/7xpi-assembly1_4.cif,371,MRVVIVGGGFGGIAAASQLKSWAVPFVLVDMRDAFHHNVAALRASVESGFARKTFISYSVTFGDSFRQGKVVGIDPERQQVLLSDGEELHYSHLILATGSDGPFPGKFNKVIDMESAIQTYEDMVKEIEKSERILVVGGGAAGVEMAAEIKTEYPAKEVTLIHSKIALADVELLQSVRQEVKEILLRKGVRLLLSEKVSNVENLTTNQFQKDMVVRTEKGTEVVVDMVVLCTGIKINSSAYATAFGDKLASNGALNVNKHLQLEGYDNIYAIGDCANLKEPKMAYHAELHANIVVSNIINSLTHKPLKTYQPGSLTFLLSMGKNDGVGQVKGYYVGHLLVTIAKSRDLFVSKSWKTMGQPMPSLEHHHHHH
7XPT,A,7xpt_A,True,/content/af_subset/foldbench_msas/7xpt_A,True,/content/af_subset/reference_structures/7xpt-assembly1_3.cif,377,HMSGRDISTAVVVTTISDGGFLDRLAPALRDAGARLIVIPDRNTGPALFAACERHRRLGLDVVCPSVAEQQDLLERLAVPDLIPYHSDNRRNVGYLMAWMEGFDVIVSMDDDNLPTTDDFVERHQVVCQGPRTQPVTASSDGWFNNCALLEVEPTEVFPRGFPFHARPAHAQARTSVCERPADVRINAGLWLGDPDVDAITRLAVRPNALAHSGGSVVLAEGTWCPVNSQNTAVHRDALPAYYFLRMGQPVDGVPMERFGDIFSGYFVQVCAQHLGHAVRFGDPVVEHPRNEHDLLDDLHKEVPAVRLLDDILDHLRDHPLEGGDYLETYESLSYALQEIAERVNGRAWSPDARAFLHRSAHLMRSWTGALRTVAGT
7XRB,A,7xrb_A,True,/content/af_subset/foldbench_msas/7xrb_A,True,/content/af_subset/reference_structures/7xrb-assembly1_148.cif,232,GMESDPLRGEPGSARAAVSELMQLFPRGLFEDALPPIVLRSQVYSLVPDRTVADRQLKELQEQGEIRIVQLGFDLDAHGIIFTEDYRTRVLKACDGRPYAGAVQKFLASVLPACGDLSFQQDQMTQTFGFRDSEITHLVNAGVLTVRDAGSWWLAVPGAGRFIKYFVKGRQAVLSMVRKAKYRELLLSELLGRRAPVVVRLGLTYHVHDLIGAQLVDCISTTSGTLLRLPET
7XVQ,A,7xvq_A,True,/content/af_subset/foldbench_msas/7xvq_A,True,/content/af_subset/reference_structures/7xvq-assembly1_198.cif,88,MKITSSNFATIATSENFAKLSVLPKNHREPIKGLFKSAVEQFSSARDFFKNENYSKELAEKFNKEAVNEAVEKLQKAIDLAEKQGIQF
7Y0L,A,7y0l_A,True,/content/af_subset/foldbench_msas/7y0l_A,True,/content/af_subset/reference_structures/7y0l-assembly1_8.cif,370,METDNVELAQSKRKVVLAEQGSFYIGGRTVTGPGKFDPSKPVIPYSNEGATFYINQMYVNFQAPVRPRGLPLVFWHGGGLTGHIWESTPDGRPGFQTLFVQDRHTVYTIDQPGRGRGNIPTFNGPFGQLEEESIVNTVTGNSSKEGAWVRDRLGPAPGQFFENSQFPRGYEDNYFKEMGFSPSISSDEIVDAVVKLVTHIGPCVLVTHAASGVLGMRVATHAKNVRGIVAYEPATSIFPKGKVPEIPPLADKKSQIFPPFEIQESYFKKLAKIPIQFVFGDNIPKNPKSAYWFLDWWRVTRYAHSLSLEAINKLGGQASLLDLPTAGLRGNTHFPFTDRNNVQVASLLSDFLGKHGLDQNESLEHHHHHH
7Y16,A,7y16_A,True,/content/af_subset/foldbench_msas/7y16_A,True,/content/af_subset/reference_structures/7y16-assembly1_252.cif,158,MPWKSSDEVVYLKGLFFPADREQISRDELYRQYEEAISLVEMYSSRTRVSHILQSTAHLFSALMMLESFEGGLDDTVRLTASMTIIRFVNGLLDPNQQSQFAIPLHLLAKKIDLPSLFVEFRHSATHDALPSLEMCKTCVDRAIDWVWDHYWDGVLSI
7Y37,A,7y37_A,True,/content/af_subset/foldbench_msas/7y37_A,True,/content/af_subset/reference_structures/7y37-assembly1_163.cif,29,XPPGPPGFPGDRGLPGPVGPPGPPGPPGX
7YDO,A,7ydo_A,True,/content/af_subset/foldbench_msas/7ydo_A,True,/content/af_subset/reference_structures/7ydo-assembly1_257.cif,83,GPGGGSGGGSMPFLSRLFHYGVDLALVSTCVAGIRRSSGISFEVEKIHNEDVKTAVEKYLNFGEWAFDQSSAFLGSSTWFKKV
7YF2,A,7yf2_A,True,/content/af_subset/foldbench_msas/7yf2_A,True,/content/af_subset/reference_structures/7yf2-assembly1_235.cif,275,HMAAGGRKENHQWYVCNREKLCESLQAVFVQSYLDQGTQIFLNNSIEKSGWAAIQAYHSAVSSAFSLAMSRTSINGLLGRGSMFVFSPDQFQRLLKINPDWKTHRLLDLGAGDGEVTKIMSPHFEEIYATELSETMIWQLQKKKYRVLGINEWQNTGFQYDVISCLNLLDRCDQPLTLLKDIRSVLEPTRGRVILALVLPFHPYVENVGGKWEKPSEILEIKGQNWEEQVNSLPEVFRKAGFVIEAFTRLPYLCEGDMYNDYYVLDDAVFVLKPV
7YFU,A,7yfu_A,True,/content/af_subset/foldbench_msas/7yfu_A,True,/content/af_subset/reference_structures/7yfu-assembly1_236.cif,45,GPGSRDVEMEEMIEQLQEKVHELERQNEVLKNRLISAKQQLQVQG
7YLS,A,7yls_A,True,/content/af_subset/foldbench_msas/7yls_A,True,/content/af_subset/reference_structures/7yls-assembly1_118.cif,162,MAGTEVTRQDLIDFVVNEAHLLDTRRYEEWNALFTDDAFYWVPLVPDQEDGLNHTSHLYEDKLLRELRIERLKSPRAFSQQPPSRCHHLLQVPVVEQFDAEGNRFVLRTGFHYTESQGDELQFYVGTFFHHLTVRDGALRMTLKRVNLLNCDAALPAVQLFI
7YTU,A,7ytu_A,True,/content/af_subset/foldbench_msas/7ytu_A,True,/content/af_subset/reference_structures/7ytu-assembly1_60.cif,92,GPYYPTNKLQAAVMETDRENAIIRQRNDEIPTRTLDTAIFTDASTVASAQIHLYYNSNIGKIIMSLNGKKHTFNLYDDNDIRTLLPILLLSK
7YUJ,A,7yuj_A,True,/content/af_subset/foldbench_msas/7yuj_A,True,/content/af_subset/reference_structures/7yuj-assembly1_44.cif,150,GPGSSAFSYHCKTPDCKGWCFFEDDVNEFTCPVCFHVNCLLCKAIHEQMNCKEYQEDLALRAQNDVAARQTTEMLKVMLQQGEAMRCPQCQIVVQKKDGCDWIRCTVCHTEICWVTKGPRWGPGGPGDTSGGCRCRVNGIPCHPSCQNCH
7YUL,A,7yul_A,True,/content/af_subset/foldbench_msas/7yul_A,True,/content/af_subset/reference_structures/7yul-assembly1_45.cif,103,GDEKQFQIEKWQIARCNKSKPQKFINDLMQVLYTNEYMATHSLTGAKSSTSRDKAVKPAMNQNEVQEIIGVTKQLFPNTDDVSIRRMIGQKLNNCTKKPNLSK
7YZT,B,7yzt_B,True,/content/af_subset/foldbench_msas/7yzt_B,True,/content/af_subset/reference_structures/7yzt-assembly1_268.cif,315,MGTAQSVILPLPSDHARFISLRLKDLSVAELKKHIALLHSTRDRLITQHPAAQIKAAVAFGPEIWLQLYKEMPSGFKQLAPQQGTFQMPVVPADVFIHIASARADICFALSQAFFEGIKDKVEVLDERVCFRYFDGRDITGFIDGTENPQFNDDRAEVALLPEDSGVFADGSFIFAQRYAHDLEKWKRLKVDTQEQIMGRTKLESIELDNEVKPENAHIARTVVEDENGEEMEILRHSLPYGDGKGDQGLFFIAYTKDLNIIDLMLNRMFGTSGDGIHDRLLHFVTPLDGAYYFAPSAELLEVILESLEHHHHHH
7Z8Z,A,7z8z_A,True,/content/af_subset/foldbench_msas/7z8z_A,True,/content/af_subset/reference_structures/7z8z-assembly1_207.cif,63,GSMEEFVKVRKKDLERLTTEVMQIRDFLPRILNGELLESFQKLKMVEKNLERKEQELEQLIMD
7ZHF,A,7zhf_A,True,/content/af_subset/foldbench_msas/7zhf_A,True,/content/af_subset/reference_structures/7zhf-assembly1_6.cif,274,MHHHHHHHHHHLEVLFQGPSYFIFVLGTAGSGKTTLVKALQDYLLNNELDTAIINLDPAVEVLPYKPDIDAREYVDVYDVMNKYELGPNSSLVISVDLLLTKAKELKEDLNQLQANYVLVDTPGQIELFAYRDTGKILSSFISEGSKSVSVFLFDSYLSKDPKSFLSLFLLSSSIKFRIDMPQISVLSKVDLLSSSELERMRSWIEDGSIIDELGSIDEYSFELVKTIVENLESFPIPVSSTNFSGLDQLYAEVQKVLAGGEDFETEEPNPRLA
7ZOP,A,7zop_A,True,/content/af_subset/foldbench_msas/7zop_A,True,/content/af_subset/reference_structures/7zop-assembly1_259.cif,147,MASMTGGQQMGRGSKTIWLQGFNSKYVNSRNGQGAMWCDSDTPQAWELFTVIDAGNGKIALRGNNGLYVSSENGEQAMTCNRPAINGWEVFDWISNSDGSVSLRGSNGMYVSSENGEQAITCNRPAIDGWERFNWAAATLEHHHHHH
7ZTW,A,7ztw_A,True,/content/af_subset/foldbench_msas/7ztw_A,True,/content/af_subset/reference_structures/7ztw-assembly1_5.cif,150,SPYGQQPQNRMMKLAYLDRGFYKHYGIIVGDHVYQLDSDDIFKTALTGKAKFTKTKLTSDWVIEEECELDYFRIKYLESAVDSEHIFSVDKNCETIAKDIFGTHTLSQHQAIGLVGTILLTAGLMSTIKTPVNAVTIKEFFNHAMDGDEQ
8A2G,A,8a2g_A,True,/content/af_subset/foldbench_msas/8a2g_A,True,/content/af_subset/reference_structures/8a2g-assembly1_56.cif,146,GPLGSPTMELVYKDRGFYKHYGVRVGNAIYHLDSQDILSTAITGQATFDKIEDDGCWLVSQVADLDYFTDKYVNSLVGTKHIFSATQNCETIARDVFGDSSMTQGRALGILGVILLSAGLLSLMAVPWDVSSLQQVYNQLTRAAAS
8A4O,A,8a4o_A,True,/content/af_subset/foldbench_msas/8a4o_A,True,/content/af_subset/reference_structures/8a4o-assembly1_75.cif,231,MGHHHHHHHSMDITFTADKFARRAEEAAPVAVKPPRNPEFGIFLNNRYLLHNGEGLPKPKDVKETYPECKWRKYGQWAWLDENNVQCYLGPSYKYHAYSPAKNFDPVPSIQRGACADTANPQDFPQGIPRYTISVPYLYFNNFYDRRCKVRALVKVPQTDKEKEHWIQAWVVEHNGGNWSTKSGDLGPNGPQEGIMLDTKLYPKFLNSGDKDIGVLPNKVEWFFLDINTIG
8A50,A,8a50_A,True,/content/af_subset/foldbench_msas/8a50_A,True,/content/af_subset/reference_structures/8a50-assembly1_221.cif,32,EFVKVRKKDLERLTTEVMQIRDFLPRILNGEV
8A51,A,8a51_A,True,/content/af_subset/foldbench_msas/8a51_A,True,/content/af_subset/reference_structures/8a51-assembly1_222.cif,32,EFVKVRKKDLERLTTEVMQIRDFLPRILNGEV
8A8O,A,8a8o_A,True,/content/af_subset/foldbench_msas/8a8o_A,True,/content/af_subset/reference_structures/8a8o-assembly1_261.cif,571,MDVKKIFTDILIIGGGAAGCQAAIRAKEIDKNLDVLIVEKANIIRSGCLAAGVNAINAYLNEGETPESYVEYVKKESSGLIREDLTYTIGKRLNKMAKKLEEYGLPIQKDENGRYVARGKRSIKINGESIKPILAEATLKAGVKVLNNTIATNYILKDETVCGAYAFSIKENKFYVIMAKAVICTTGGASGIYKPNNPGAARHKMWYSPFNTGAGFAMGLRAGAEMTTFEMRFIALRVKDVISPTGTIAQGVKVSQINALGEKYMEKYENNTTPMRLYATLIENLEGRGPCYLDTRGISDEDVQKLKEAYLSMSPGIILKWKDEKINPKNTPIEICGSEPYIVGGHGQAGYWVDINRKTTLEGLYAAGDVVGGSPKKYVTGCMAEGEIAVEAAIEYIKSMENDIEIDEQEIAKEIDRVFYPLNNKKGEFSPDEIEERMQKVMDEYAGGISSYYRVNESKLLIARELLKAIEEDLSKIKVRNRYELMKYHEVVDRILVARAVVEHLLYRKETRWKCYQERVDYPEIDDNWFKFINSKYNSQTNDIEIIEREYEKFNPVINNDHSSGHHHHHH
8AA9,A,8aa9_A,True,/content/af_subset/foldbench_msas/8aa9_A,True,/content/af_subset/reference_structures/8aa9-assembly1_220.cif,198,GTGDGSTVLTKDRIIEIIERKTGMSREEIEEEIRKIMEEDPYLSEQGAAALLAERLGIDLIEKEEVSLMRISELYPGMDPREVNVVGRVLKKYPPREYTRKDGSVGRVASLIIYDDSGRARVVLWDAKVSEYYNKIEVGDVIKVLDAQVKESLSGLPELHINFRARIILNPDDPRVEMIPPLEEVRVATYTRKKIKDI
8ABT,A,8abt_A,True,/content/af_subset/foldbench_msas/8abt_A,True,/content/af_subset/reference_structures/8abt-assembly1_76.cif,251,MTDVNASSESRLAALEARVTELEDLNAIRRLQWAYGYYIDYNRPEEVAGLFAKDGAVVFLSGEYVGYEGVMRLYGTWFQNLFTGGRRGPVHGLLLDHFQLQDVITIAPDGQTAKGRFRGILAGGWHDDIVKDKPEGMPQQFWESGIYENDYVKEDGVWKIKRLDYMMQWQADYETGWSKTIAHLQPAAVCFPENPIGPDRLLPETEVRQTWPHRAEVPMSFAHPVLAKAFAVGEFTKLQKKWPLEHHHHHH
8ACX,A,8acx_A,True,/content/af_subset/foldbench_msas/8acx_A,True,/content/af_subset/reference_structures/8acx-assembly1_238.cif,144,MSPLAQNGGGTAGTTGLRNNCDGSTFVPVTGSAGNAPSKWDCQLLRDGYIAKQNKSWLISGPRIIGTVRTCQFSATVDVSGTAGWIGRDDIMDLMKDSLNLWKDGETTQVQGAMQVGESGDVNCVAGKKGEGQKVRIAWTLGHS
8AD2,A,8ad2_A,True,/content/af_subset/foldbench_msas/8ad2_A,True,/content/af_subset/reference_structures/8ad2-assembly1_94.cif,166,MGQGQWIAARDLSITWVDNPQYWTWKTVDPNIEVAELRRVAWLDIYGKIETKNLIRKTSYAVYLVFKLTDNPRELERATASLRFVNEVAEGAGIEGTTVFISKKKKLPGELGRFPHLRSDGWLEIKLGEFFNNLGEDGEVEMRLMEINDKTWKSGIIVKGFDIRPN
8ADA,A,8ada_A,True,/content/af_subset/foldbench_msas/8ada_A,True,/content/af_subset/reference_structures/8ada-assembly1_227.cif,72,MPEPTPTAYPVRLDELINAIKRVHSDVLDQLSDAVLAAEHLGEIADHLIGHFVDQARRSGASWSDIGKSMGV
8ADB,A,8adb_A,True,/content/af_subset/foldbench_msas/8adb_A,True,/content/af_subset/reference_structures/8adb-assembly1_228.cif,215,KMPEEEQDSLAAFSRIEANITQYDPLLDNAGKSACTCICLKAAEMLLEASPDQVNAGLIDDILVEGVADYNRFKVGGVVEHTSVENYELNTFELKRLEFRDVDNPFSAEGNPYAGTLDSFAKMMEKASDSKDLPKPVALVMTKSNMTITIVIRPDGKYWLFDPHGTNGKGAYIESCNTDELIKKIKEIFPKTSYPGMTEDENLGFNSFEAYAVRR
8AMY,A,8amy_A,True,/content/af_subset/foldbench_msas/8amy_A,True,/content/af_subset/reference_structures/8amy-assembly1_119.cif,89,GENSDNLTHCRLFEFRLCLLECMSLTLDHCYARCTTVITQIHGSDTNRFDCTIFKTCYYRCYVLGKTEDHCWKGTATSVTGDVGDLEFC
8AN5,A,8an5_A,True,/content/af_subset/foldbench_msas/8an5_A,True,/content/af_subset/reference_structures/8an5-assembly1_215.cif,196,NAVESTLRRVAKDLTGLRQRWALVGGFAVSARSEPRFTRDVDIVVAVANDDAAESLVRQLLTQQYHLLASVEQDAARRLAAVRLGATADTAANVVVDLLFASCGIEPEIAEAAEEIEILPDLVAPVATTAHLIAMKLLARDDDRRPQDRSDLRALVDAASPQDIQDARKAIELITLRGFHRDRDLAAEWTRLAAKW
8AND,A,8and_A,True,/content/af_subset/foldbench_msas/8and_A,True,/content/af_subset/reference_structures/8and-assembly1_214.cif,100,SKLVGGFSEWKDPDAYTTKIVKAMESKLFEKLSLPNQPEVSFLRYREQIVSGVNYCMRVKIGSDFYDLHIYVPLGSTGDIKSHLIQLTDLHLASELTHSH
8AVZ,A,8avz_A,True,/content/af_subset/foldbench_msas/8avz_A,True,/content/af_subset/reference_structures/8avz-assembly1_172.cif,327,GSHMNEPLVFMFSGQGSQYYHMGKELFKENTVFRQSMLEMDAIAARRIGTSIVEEIYHPGKRVSDPFDSILFSHPAIFMIEYSLYKVLEDRGIYPDYVLGSSLGEFAAAAVSGVSDAEDMLDCILEQAIIIQNSCDKGKMLAILDKPQLLNDHPQLFGNSELISINYDSHFVISGEEDHIRKIMEDLKEKQILCQLLPVSYAFHSSLIDPAESAYAEFLRSKSFQKPSIPIVSSLTGSCLHVMDENFFWNAVRKPMMFREAIRYLESQHTCKFIDLGPSGTLAAFVKQLIPGDSADRCCSIITPFHQELKNLNTVEYFRTPERKFTR
